City_ID,City,Country,Lat,Lng,Max Temp,Humidity,Cloudiness,Wind Speed,Current Description
0,Kurya,RU,51.6003,82.2888,59.92,70,0,5.23,clear sky
1,Bredasdorp,ZA,-34.5322,20.0403,46.02,87,12,3.96,few clouds
2,Portland,US,45.5234,-122.6762,92.98,39,0,10.36,clear sky
3,Sao Filipe,CV,14.8961,-24.4956,77.22,83,74,8.52,broken clouds
4,Lavrentiya,RU,65.5833,-171.0,44.02,62,67,8.21,broken clouds
5,Honningsvag,NO,70.9821,25.9704,51.55,87,100,9.22,overcast clouds
6,Albany,US,42.6001,-73.9662,77.88,75,23,5.35,few clouds
7,Busselton,AU,-33.65,115.3333,58.42,77,100,12.5,overcast clouds
8,Timra,SE,62.487,17.3257,54.68,82,100,5.75,overcast clouds
9,Shestakovo,RU,56.4915,103.96,59.31,89,100,4.54,overcast clouds
10,Mataura,NZ,-46.1927,168.8643,46.47,74,97,3.98,overcast clouds
11,Qinhuangdao,CN,39.9317,119.5883,79.48,74,100,9.33,overcast clouds
12,Chokurdakh,RU,70.6333,147.9167,46.24,62,100,6.22,overcast clouds
13,Georgetown,MY,5.4112,100.3354,80.4,81,89,2.51,overcast clouds
14,Saint-Augustin,CA,51.226,-58.6502,55.15,92,100,20.58,overcast clouds
15,Lixourion,GR,38.2019,20.4314,75.96,52,0,6.69,clear sky
16,Talnakh,RU,69.4865,88.3972,56.21,48,100,2.62,overcast clouds
17,Ushuaia,AR,-54.8,-68.3,38.86,81,75,4.61,broken clouds
18,Kapaa,US,22.0752,-159.319,80.47,74,73,5.01,broken clouds
19,Sitka,US,57.0531,-135.33,55.29,82,100,12.66,overcast clouds
20,Bukachacha,RU,52.9833,116.9167,78.28,41,7,4.38,clear sky
21,Hermanus,ZA,-34.4187,19.2345,51.75,76,24,3.62,few clouds
22,Faanui,PF,-16.4833,-151.75,77.7,67,21,6.29,few clouds
23,Bethel,US,41.3712,-73.414,83.48,71,100,3.18,overcast clouds
24,East London,ZA,-33.0153,27.9116,63.97,83,96,13.91,light rain
25,Vaini,TO,-21.2,-175.2,77.16,83,20,12.66,few clouds
26,Victoria,HK,22.2855,114.1577,89.65,76,97,8.99,overcast clouds
27,Kodiak,US,57.79,-152.4072,52.16,91,100,5.17,light rain
28,Dunedin,NZ,-45.8742,170.5036,44.6,86,100,6.55,overcast clouds
29,Lysva,RU,58.1086,57.8053,56.88,98,87,6.13,overcast clouds
30,Uige,AO,-7.6087,15.0613,62.69,83,0,1.3,clear sky
31,Kushima,JP,31.4583,131.2333,86.67,72,99,10.71,light rain
32,Nikolskoye,RU,59.7035,30.7861,52.81,93,92,7.61,overcast clouds
33,Punta Arenas,CL,-53.15,-70.9167,35.71,87,75,43.73,light rain
34,Arraial Do Cabo,BR,-22.9661,-42.0278,70.2,90,0,13.96,clear sky
35,Kachug,RU,53.9606,105.8817,54.46,98,100,4.21,moderate rain
36,Vertientes,CU,21.2594,-78.1464,79.41,81,0,12.19,clear sky
37,Butaritari,KI,3.0707,172.7902,82.45,77,100,14.85,overcast clouds
38,Auki,SB,-8.7676,160.7034,83.88,68,50,4.07,scattered clouds
39,Hami,CN,42.8,93.45,75.11,31,100,12.59,moderate rain
40,Makakilo City,US,21.3469,-158.0858,81.68,62,8,18.48,clear sky
41,La Ciotat,FR,43.1748,5.6045,79.81,63,0,0.81,clear sky
42,Tarragona,ES,41.129,1.249,75.38,73,0,4.61,clear sky
43,Byron Bay,AU,-28.65,153.6167,58.71,68,97,15.75,overcast clouds
44,Teodoro Sampaio,BR,-22.5325,-52.1675,72.9,49,57,4.92,broken clouds
45,Provideniya,RU,64.3833,-173.3,53.71,62,0,7.0,clear sky
46,Bluff,NZ,-46.6,168.3333,46.8,69,100,9.98,overcast clouds
47,Butembo,CD,0.15,29.2833,56.01,91,88,1.66,overcast clouds
48,Rikitea,PF,-23.1203,-134.9692,74.26,76,6,8.41,clear sky
49,Petersburg,US,37.2279,-77.4019,82.81,79,100,5.75,overcast clouds
50,Hilo,US,19.7297,-155.09,84.27,70,40,10.36,scattered clouds
51,Barrow,US,71.2906,-156.7887,44.62,70,0,17.27,clear sky
52,Jamestown,US,42.097,-79.2353,76.64,75,0,5.75,clear sky
53,Umba,RU,66.6871,34.3429,54.1,90,100,15.26,overcast clouds
54,Teeli,RU,51.0333,90.2333,55.2,58,86,1.21,overcast clouds
55,Opuwo,NA,-18.0607,13.84,54.25,51,0,2.17,clear sky
56,Upernavik,GL,72.7868,-56.1549,45.77,74,83,1.39,broken clouds
57,Kruisfontein,ZA,-34.0033,24.7314,50.88,92,100,11.34,moderate rain
58,Hobart,AU,-42.8794,147.3294,48.25,73,20,8.05,few clouds
59,Caravelas,BR,-17.7125,-39.2481,70.56,87,1,5.08,clear sky
60,Bengkulu,ID,-3.8004,102.2655,78.01,87,95,2.55,overcast clouds
61,Suntar,RU,62.1444,117.6319,59.32,89,100,7.4,overcast clouds
62,Kargasok,RU,59.0556,80.8572,56.34,93,94,4.07,overcast clouds
63,Necochea,AR,-38.5473,-58.7368,47.66,46,0,15.48,clear sky
64,De-Kastri,RU,51.4667,140.7833,63.46,79,100,4.05,moderate rain
65,Zhezkazgan,KZ,47.8043,67.7144,67.98,32,20,6.71,few clouds
66,Maridi,SS,4.9158,29.4742,65.52,93,95,3.29,overcast clouds
67,Alofi,NU,-19.0595,-169.9187,78.69,69,40,20.71,scattered clouds
68,Port Alfred,ZA,-33.5906,26.891,57.18,96,100,3.0,light rain
69,Pouebo,NC,-20.4,164.5667,78.22,77,100,5.7,overcast clouds
70,Nushki,PK,29.5542,66.0215,85.69,51,80,4.56,broken clouds
71,Longyearbyen,SJ,78.2186,15.6401,48.04,87,75,5.75,broken clouds
72,Cape Town,ZA,-33.9258,18.4232,58.37,79,20,5.75,few clouds
73,Haines Junction,CA,60.7522,-137.5108,53.13,74,100,6.87,overcast clouds
74,Selma,US,36.5708,-119.6121,106.02,18,0,6.91,clear sky
75,Jackson,US,42.4165,-122.8345,98.71,20,0,10.36,clear sky
76,Port Macquarie,AU,-31.4333,152.9167,60.89,59,90,7.74,overcast clouds
77,Amparafaravola,MG,-17.5833,48.2167,58.64,77,87,14.63,overcast clouds
78,Nelson,NZ,-41.2833,173.2833,55.29,98,28,1.34,scattered clouds
79,Khatanga,RU,71.9667,102.5,46.85,53,100,19.17,overcast clouds
80,Geraldton,AU,-28.7667,114.6,59.41,77,77,12.66,broken clouds
81,Alvorada,BR,-12.48,-49.1247,75.51,42,5,2.93,clear sky
82,Cabo San Lucas,MX,22.8909,-109.9124,91.62,65,40,8.05,scattered clouds
83,Laguna,US,38.421,-121.4238,104.31,17,0,13.8,clear sky
84,Thompson,CA,55.7435,-97.8558,77.16,50,75,4.61,smoke
85,Saint George,US,37.1041,-113.5841,105.26,18,0,8.01,clear sky
86,Ust-Maya,RU,60.4167,134.5333,80.47,42,98,9.6,overcast clouds
87,Okhotsk,RU,59.3833,143.3,61.7,80,96,6.24,overcast clouds
88,Antipolo,PH,14.5864,121.1753,87.98,70,75,6.91,broken clouds
89,Meulaboh,ID,4.1363,96.1285,77.18,78,57,3.62,broken clouds
90,Fortuna,US,40.5982,-124.1573,63.09,73,27,6.35,scattered clouds
91,Belyy Yar,RU,53.6039,91.3903,60.85,75,0,4.47,clear sky
92,Imbituba,BR,-28.24,-48.6703,65.86,93,76,7.45,broken clouds
93,Pundaguitan,PH,6.3711,126.1689,82.35,75,54,2.39,broken clouds
94,Umm Lajj,SA,25.0213,37.2685,84.76,67,85,9.04,overcast clouds
95,New Norfolk,AU,-42.7826,147.0587,44.92,61,3,1.54,clear sky
96,Atuona,PF,-9.8,-139.0333,78.15,70,61,12.26,broken clouds
97,Deputatskiy,RU,69.3,139.9,32.94,99,100,3.67,overcast clouds
98,Osmanabad,IN,18.1667,76.05,70.77,91,90,8.01,overcast clouds
99,Kenora,CA,49.8167,-94.4337,67.17,94,100,13.8,thunderstorm with light rain
100,Turtas,RU,58.9417,69.1325,60.82,72,100,3.71,overcast clouds
101,Bridlington,GB,54.0831,-0.1919,78.89,64,100,5.5,overcast clouds
102,Puerto Quijarro,BO,-17.7833,-57.7667,74.26,44,85,0.67,overcast clouds
103,Tuktoyaktuk,CA,69.4541,-133.0374,50.0,93,100,5.75,overcast clouds
104,Salalah,OM,17.0151,54.0924,75.29,100,100,5.75,light intensity drizzle
105,Carballo,ES,43.213,-8.691,64.09,90,100,1.97,overcast clouds
106,Annan,GB,54.9884,-3.2565,64.98,97,20,5.46,few clouds
107,Grand Gaube,MU,-20.0064,57.6608,70.2,79,92,14.0,moderate rain
108,Banda Aceh,ID,5.5577,95.3222,81.21,75,93,14.97,overcast clouds
109,Jensen Beach,US,27.2545,-80.2298,84.04,83,0,1.99,clear sky
110,Yulara,AU,-25.2406,130.9889,60.31,34,0,14.54,clear sky
111,Ingham,US,42.6,-84.3833,81.86,68,64,9.62,broken clouds
112,Luderitz,NA,-26.6481,15.1594,55.74,65,0,19.69,clear sky
113,Hanko,FI,59.8333,22.95,60.67,68,0,16.17,clear sky
114,Cherskiy,RU,68.75,161.3,44.98,61,84,13.11,broken clouds
115,Catamarca,AR,-28.4696,-65.7852,58.77,49,5,4.0,clear sky
116,Yellowknife,CA,62.456,-114.3525,62.78,73,100,8.63,light rain
117,Waingapu,ID,-9.6567,120.2641,78.39,62,17,12.48,few clouds
118,Senno,RU,59.5336,33.9167,54.27,99,100,6.13,light rain
119,Puerto Ayora,EC,-0.7393,-90.3518,68.56,95,62,4.0,broken clouds
120,Henties Bay,NA,-22.116,14.2845,54.88,93,5,13.2,clear sky
121,Chyhyryn,UA,49.0838,32.6555,59.18,86,0,5.1,clear sky
122,Kavieng,PG,-2.5744,150.7967,82.11,75,98,7.99,light rain
123,Avarua,CK,-21.2078,-159.775,77.05,61,40,6.91,scattered clouds
124,Alice Springs,AU,-23.7,133.8833,60.35,36,1,10.36,clear sky
125,Port Elizabeth,ZA,-33.918,25.5701,54.32,99,100,7.0,light rain
126,San Andres,CO,12.5847,-81.7006,82.42,83,75,11.5,broken clouds
127,Camacha,PT,33.0833,-16.3333,67.42,78,40,9.22,scattered clouds
128,Iwanai,JP,42.9744,140.5089,72.54,90,92,3.67,overcast clouds
129,Beidao,CN,34.5686,105.8933,70.68,67,0,0.25,clear sky
130,Puerto Escondido,MX,15.85,-97.0667,82.85,81,52,4.32,broken clouds
131,Teknaf,BD,20.8624,92.3058,81.99,83,100,3.0,overcast clouds
132,Grand Baie,MU,-20.0182,57.5802,70.27,79,31,14.0,moderate rain
133,Sungaipenuh,ID,-2.0833,101.3833,69.64,75,62,0.83,broken clouds
134,Srednekolymsk,RU,67.45,153.6833,52.16,45,89,6.44,overcast clouds
135,Ginir,ET,7.1333,40.7,54.46,82,45,12.06,scattered clouds
136,Kenai,US,60.5544,-151.2583,54.14,89,100,11.5,light rain
137,Tanete,ID,-3.9443,119.7848,83.95,73,87,8.12,overcast clouds
138,Zhob,PK,31.3411,69.4481,81.84,59,0,1.1,clear sky
139,Llanes,ES,43.4198,-4.7549,68.31,88,100,10.16,overcast clouds
140,Airai,TL,-8.9266,125.4092,69.04,47,84,2.62,broken clouds
141,Skibbereen,IE,51.55,-9.2667,58.1,91,2,5.41,clear sky
142,Bairiki,KI,1.3292,172.9752,82.4,83,75,12.66,broken clouds
143,Benguela,AO,-12.5763,13.4055,67.06,88,1,7.87,clear sky
144,Kahului,US,20.8947,-156.47,87.82,45,40,18.41,scattered clouds
145,Saint-Philippe,RE,-21.3585,55.7679,70.21,69,56,20.07,broken clouds
146,Sur,OM,22.5667,59.5289,83.39,81,47,8.55,scattered clouds
147,Vestmannaeyjar,IS,63.4427,-20.2734,51.26,87,84,14.05,broken clouds
148,Nouadhibou,MR,20.931,-17.0347,67.98,94,100,12.66,mist
149,Bridgetown,BB,13.1,-59.6167,81.09,89,40,12.66,scattered clouds
150,Sabha,LY,27.0377,14.4283,78.55,36,2,12.01,clear sky
151,Chuy,UY,-33.6971,-53.4616,45.14,89,0,5.48,clear sky
152,Skjervoy,NO,70.0311,20.9714,46.4,86,47,4.88,scattered clouds
153,Te Anau,NZ,-45.4167,167.7167,40.8,97,100,2.57,overcast clouds
154,Ozinki,RU,51.1786,49.6769,64.38,64,54,5.61,broken clouds
155,Qitaihe,CN,45.8,130.85,75.83,72,45,4.32,scattered clouds
156,Siocon,PH,7.7061,122.1353,85.26,67,15,1.45,few clouds
157,Bilibino,RU,68.0546,166.4372,51.3,52,77,2.73,broken clouds
158,Norman Wells,CA,65.282,-126.8329,75.24,31,40,13.8,scattered clouds
159,Nuevo Progreso,MX,23.1667,-97.95,85.53,62,0,1.99,clear sky
160,Kolobovo,RU,56.702,41.3417,53.28,86,99,7.72,overcast clouds
161,Novikovo,RU,51.1537,37.8879,53.49,94,8,5.84,clear sky
162,Lazaro Cardenas,MX,17.9583,-102.2,82.56,82,58,8.5,broken clouds
163,Avera,US,33.194,-82.5271,78.31,91,96,8.25,overcast clouds
164,Prince Albert,CA,53.2001,-105.7677,78.75,41,20,14.97,few clouds
165,Sangar,RU,63.9242,127.4739,74.66,60,100,7.34,overcast clouds
166,Belmonte,BR,-15.8631,-38.8828,71.22,90,55,6.4,broken clouds
167,Vao,NC,-22.6667,167.4833,74.07,89,99,14.18,overcast clouds
168,Jumla,NP,29.2747,82.1838,64.44,96,100,2.24,overcast clouds
169,Batagay-Alyta,RU,67.8006,130.4114,36.61,94,100,5.59,overcast clouds
170,Port-Gentil,GA,-0.7193,8.7815,74.59,82,97,10.25,overcast clouds
171,Palu,ID,-0.8917,119.8707,87.87,59,76,1.25,broken clouds
172,Akcakoca,TR,41.0866,31.1162,64.8,83,1,5.7,clear sky
173,Lienz,AT,46.8289,12.769,67.19,97,10,2.48,clear sky
174,Fereydun Kenar,IR,36.6864,52.5225,77.22,88,20,0.0,few clouds
175,Monrovia,LR,6.3005,-10.7969,75.83,79,100,9.4,light rain
176,Lichinga,MZ,-13.3128,35.2406,53.69,87,0,11.5,clear sky
177,Pangkalanbuun,ID,-2.6833,111.6167,83.55,73,37,4.34,scattered clouds
178,Chicama,PE,-7.8447,-79.1469,59.54,83,62,6.46,broken clouds
179,Am Timan,TD,11.0297,20.2827,72.88,91,100,6.46,overcast clouds
180,Dikson,RU,73.5069,80.5464,47.16,71,100,12.15,overcast clouds
181,Nenjiang,CN,49.1833,125.2167,78.76,66,16,3.11,few clouds
182,Katsuura,JP,35.1333,140.3,82.26,81,99,6.17,light rain
183,Rio Gallegos,AR,-51.6226,-69.2181,35.65,64,0,27.63,clear sky
184,Clyde River,CA,70.4692,-68.5914,34.03,100,100,6.91,overcast clouds
185,Rotava,CZ,50.2963,12.5734,66.15,65,67,3.83,broken clouds
186,Mogadishu,SO,2.0371,45.3438,75.27,77,100,17.58,overcast clouds
187,Lubbock,US,33.6001,-101.8338,100.65,17,20,14.97,few clouds
188,Ribeira Grande,PT,38.5167,-28.7,71.89,89,0,5.28,clear sky
189,Jaciara,BR,-15.9653,-54.9683,70.29,33,57,2.93,broken clouds
190,Klaksvik,FO,62.2266,-6.589,50.92,98,94,8.43,overcast clouds
191,Aden,YE,12.7794,45.0367,81.95,79,100,12.01,overcast clouds
192,Olenegorsk,RU,68.15,33.3,54.43,87,100,7.7,overcast clouds
193,Houma,US,29.5958,-90.7195,87.01,82,59,7.09,broken clouds
194,Georgiyevka,KZ,43.0369,74.7114,73.44,38,0,13.42,clear sky
195,Sulangan,PH,11.1373,123.7228,83.71,74,6,3.76,clear sky
196,Sorong,ID,-0.8833,131.25,82.31,74,99,10.85,overcast clouds
197,Forssa,FI,60.8146,23.6215,52.41,89,19,5.93,few clouds
198,Quatre Cocos,MU,-20.2078,57.7625,69.91,70,100,22.91,light rain
199,Sumbawanga,TZ,-7.9667,31.6167,54.9,77,68,3.18,broken clouds
200,Carnarvon,AU,-24.8667,113.6333,70.56,42,85,12.41,overcast clouds
201,Castro,BR,-24.7911,-50.0119,58.14,94,0,3.44,clear sky
202,Zhangjiakou,CN,40.81,114.8794,79.72,38,100,3.4,overcast clouds
203,Nemuro,JP,43.3236,145.575,59.0,93,100,9.01,light rain
204,Neiafu,TO,-18.65,-173.9833,81.28,69,40,12.66,scattered clouds
205,Shitkino,RU,56.3703,98.3543,62.33,74,100,9.13,overcast clouds
206,Burnie,AU,-41.0667,145.9167,48.94,57,0,1.57,clear sky
207,Vila Do Maio,CV,15.1333,-23.2167,76.96,91,92,12.03,overcast clouds
208,Dukat,RU,62.55,155.55,52.41,83,100,6.91,overcast clouds
209,Maniitsoq,GL,65.4167,-52.9,47.66,76,79,10.07,broken clouds
210,Mamallapuram,IN,12.6264,80.1722,82.45,72,70,12.68,broken clouds
211,Beringovskiy,RU,63.05,179.3167,54.27,67,64,25.03,broken clouds
212,Walvis Bay,NA,-22.9575,14.5053,55.09,89,0,11.23,clear sky
213,Ostrovnoy,RU,68.0531,39.5131,49.86,95,100,11.52,overcast clouds
214,Raglan,NZ,-37.8,174.8833,60.44,91,40,8.3,scattered clouds
215,Pevek,RU,69.7008,170.3133,32.45,97,100,13.73,overcast clouds
216,Ambilobe,MG,-13.2,49.05,65.52,64,0,6.76,clear sky
217,Muisne,EC,0.6,-80.0333,73.62,85,99,10.0,overcast clouds
218,Sile,TR,41.1754,29.6133,71.56,62,2,5.99,clear sky
219,Kuzino,RU,57.0224,59.4412,56.5,93,100,8.63,overcast clouds
220,Yumen,CN,40.2833,97.2,75.69,27,55,15.99,broken clouds
221,Kayerkan,RU,69.3497,87.7602,55.53,66,100,6.13,overcast clouds
222,Tazovskiy,RU,67.4667,78.7,53.19,66,4,16.91,clear sky
223,Oktyabrskoye,RU,43.0645,44.7417,62.74,94,100,6.71,overcast clouds
224,Padang,ID,-0.9492,100.3543,75.25,79,100,1.5,overcast clouds
225,Foam Lake,CA,51.65,-103.5343,68.77,83,44,7.38,scattered clouds
226,Tambacounda,SN,13.7539,-13.7586,80.65,78,75,11.5,broken clouds
227,Coihaique,CL,-45.5752,-72.0662,40.95,87,100,4.61,light rain
228,Mount Gambier,AU,-37.8333,140.7667,51.4,54,0,2.89,clear sky
229,Vila Franca Do Campo,PT,37.7167,-25.4333,68.41,88,94,5.48,overcast clouds
230,Lodwar,KE,3.1191,35.5973,78.15,48,100,16.98,overcast clouds
231,Miyoshi,JP,35.0833,137.0667,86.86,63,100,11.12,overcast clouds
232,Shentala,RU,54.45,51.4833,54.79,89,38,7.7,scattered clouds
233,Manzanares,ES,38.9991,-3.3699,73.54,25,0,0.98,clear sky
234,Micheweni,TZ,-4.9667,39.8333,75.16,74,37,16.82,scattered clouds
235,Tasiilaq,GL,65.6145,-37.6368,37.56,88,60,4.0,broken clouds
236,Torbay,CA,47.6666,-52.7314,63.28,95,100,19.57,heavy intensity rain
237,Polkowice,PL,51.5039,16.0726,66.56,55,12,1.86,few clouds
238,Milkovo,RU,54.7167,158.6167,85.73,52,11,1.43,few clouds
239,Arlit,NE,18.7369,7.3853,87.96,36,95,4.43,overcast clouds
240,Tobermory,CA,45.2501,-81.6665,70.7,88,100,18.45,overcast clouds
241,Havre-Saint-Pierre,CA,50.2334,-63.5986,64.76,94,100,6.91,overcast clouds
242,Souillac,MU,-20.5167,57.5167,70.18,68,40,18.41,light rain
243,Qurayyat,SA,31.3318,37.3428,78.98,47,0,16.11,clear sky
244,Dudinka,RU,69.4058,86.1778,56.62,56,41,19.28,scattered clouds
245,Alyangula,AU,-13.8483,136.4192,76.73,60,9,10.76,clear sky
246,Constantine,DZ,36.365,6.6147,72.81,49,0,2.3,clear sky
247,Sampit,ID,-2.5333,112.95,83.16,70,10,4.36,clear sky
248,Amahai,ID,-3.3333,128.9167,82.06,74,59,3.67,broken clouds
249,Cedar City,US,37.6775,-113.0619,92.37,14,0,13.8,clear sky
250,Tiznit,MA,29.5833,-9.5,84.83,31,68,1.88,broken clouds
251,Lyuban,BY,52.7985,28.0048,56.44,96,48,6.8,scattered clouds
252,Mantua,IT,45.1667,10.7833,78.04,66,0,1.01,clear sky
253,Palana,RU,59.1167,159.9667,51.67,87,100,20.45,overcast clouds
254,Lebu,CL,-37.6167,-73.65,48.09,88,5,3.96,clear sky
255,Hithadhoo,MV,-0.6,73.0833,81.77,72,99,6.89,overcast clouds
256,Gizo,SB,-8.103,156.8419,84.13,65,24,2.26,few clouds
257,Fairfax,US,38.8501,-77.3497,82.72,78,20,4.61,few clouds
258,Comodoro Rivadavia,AR,-45.8667,-67.5,49.86,57,0,18.41,clear sky
259,San Carlos De Bariloche,AR,-41.1456,-71.3082,42.24,93,100,26.46,overcast clouds
260,Yar-Sale,RU,66.8333,70.8333,61.65,61,97,5.7,overcast clouds
261,Palmer,US,42.1584,-72.3287,81.25,73,40,3.44,scattered clouds
262,Lasa,IT,46.6166,10.7002,72.48,89,66,1.92,broken clouds
263,Zhigalovo,RU,54.8097,105.1578,55.54,97,100,3.18,light rain
264,Sosnovo-Ozerskoye,RU,52.5249,111.5418,73.67,48,54,7.02,broken clouds
265,Komsomolskiy,UZ,40.4272,71.7189,77.72,27,0,9.22,clear sky
266,Egvekinot,RU,66.3167,-179.1667,46.44,63,89,4.5,overcast clouds
267,Bastia,FR,42.6667,9.3333,80.29,64,0,4.61,clear sky
268,Xiazhen,CN,34.8022,117.1117,72.28,96,100,9.33,overcast clouds
269,Hambantota,LK,6.1241,81.1185,77.34,100,40,2.3,moderate rain
270,Port Antonio,JM,18.18,-76.4612,84.11,80,2,9.35,clear sky
271,Nador,MA,35.174,-2.9287,77.79,74,4,2.39,clear sky
272,Eureka,US,40.8021,-124.1637,65.12,79,55,5.01,broken clouds
273,Lorengau,PG,-2.0226,147.2712,83.7,69,100,6.85,overcast clouds
274,Dovbysh,UA,50.3733,27.9874,55.31,94,6,6.04,clear sky
275,Westport,US,41.1415,-73.3579,86.09,73,0,5.75,clear sky
276,Sobolevo,RU,54.4299,31.8996,53.51,96,37,9.01,scattered clouds
277,Umm Kaddadah,SD,13.6017,26.6876,80.42,60,38,14.58,scattered clouds
278,Buchanan,LR,5.8808,-10.0467,74.89,79,100,8.97,overcast clouds
279,Vostok,RU,46.4856,135.8833,70.05,84,96,1.86,overcast clouds
280,Marrakesh,MA,31.6315,-8.0083,86.07,39,40,1.14,scattered clouds
281,Huadian,CN,42.9633,126.7478,75.92,81,97,1.63,overcast clouds
282,Japura,ID,-0.3167,102.35,79.63,89,100,3.11,overcast clouds
283,Iqaluit,CA,63.7506,-68.5145,40.73,93,100,3.44,light rain
284,Ponta Do Sol,PT,32.6667,-17.1,70.43,80,21,7.09,few clouds
285,Harper,LR,4.375,-7.7169,73.67,72,98,7.23,overcast clouds
286,Pochutla,MX,15.7432,-96.4661,85.82,89,35,3.18,scattered clouds
287,Port Hardy,CA,50.6996,-127.4199,60.98,77,20,13.8,few clouds
288,Porto Novo,BJ,6.4965,2.6036,72.5,82,25,5.77,scattered clouds
289,Wad Madani,SD,14.4012,33.5199,80.01,63,90,17.11,overcast clouds
290,Denpasar,ID,-8.65,115.2167,79.47,70,87,9.82,overcast clouds
291,Oistins,BB,13.0667,-59.5333,80.69,89,40,12.66,scattered clouds
292,Totolapa,MX,18.5167,-96.1833,78.24,88,99,4.25,overcast clouds
293,Siva,EG,29.2041,25.5195,77.61,54,0,6.38,clear sky
294,Sinamar,PH,16.9,121.5667,85.86,71,51,3.13,broken clouds
295,Zhenlai,CN,45.8495,123.2973,82.04,58,61,1.54,broken clouds
296,Timbiqui,CO,2.7717,-77.6654,75.67,94,100,6.08,light rain
297,Nayoro,JP,44.3506,142.4578,74.88,63,100,6.6,overcast clouds
298,Takab,IR,36.4009,47.1133,71.01,29,0,8.34,clear sky
299,Sinnamary,GF,5.3833,-52.95,77.02,85,51,9.1,broken clouds
300,Saquena,PE,-4.6667,-73.5167,72.9,93,68,1.97,broken clouds
301,Lebowakgomo,ZA,-24.2,29.5,49.1,69,96,3.62,overcast clouds
302,San Patricio,US,28.017,-97.5169,88.54,73,0,18.63,clear sky
303,Ust-Tsilma,RU,65.441,52.1498,68.23,57,44,8.48,scattered clouds
304,Sarh,TD,9.1429,18.3923,70.52,98,100,1.52,light rain
305,Tiksi,RU,71.6872,128.8694,34.92,96,100,14.43,overcast clouds
306,Abu Samrah,SY,35.3029,37.1841,75.85,55,0,6.31,clear sky
307,Dingzhou,CN,38.5131,114.9956,80.71,46,6,8.43,clear sky
308,Roald,NO,62.5833,6.1333,72.16,72,75,16.11,broken clouds
309,Asilah,MA,35.465,-6.0348,69.76,78,0,5.57,clear sky
310,Cam Ranh,VN,11.9214,109.1591,80.56,78,75,3.44,broken clouds
311,Boulder City,US,35.9786,-114.8325,108.25,13,15,15.66,few clouds
312,Tulare,US,36.2666,-118.8009,96.71,17,0,1.99,clear sky
313,Aklavik,CA,68.2191,-135.0107,66.69,52,100,10.25,overcast clouds
314,Marienburg,PL,54.0359,19.0266,62.11,80,7,1.7,clear sky
315,Adrar,MR,20.5022,-10.0711,91.81,8,5,9.08,clear sky
316,Bulungu,CD,-4.55,18.6,70.81,77,2,0.45,clear sky
317,Saint Anthony,US,45.0205,-93.218,82.92,42,0,5.01,clear sky
318,Papara,BR,-3.9839,-38.7273,77.4,92,16,3.24,few clouds
319,Quito,EC,-0.2299,-78.5249,49.15,74,95,5.03,overcast clouds
320,Puro,PH,12.4841,123.3827,86.49,68,9,7.09,clear sky
321,Kiama,AU,-34.6833,150.8667,56.37,91,78,7.0,light rain
322,Hirara,JP,24.8,125.2833,89.46,74,40,18.41,scattered clouds
323,Talcahuano,CL,-36.7167,-73.1167,46.08,93,0,0.0,mist
324,Guerrero Negro,MX,27.9769,-114.0611,73.0,68,5,14.72,clear sky
325,Road Town,VG,18.4167,-64.6167,82.44,83,40,11.5,scattered clouds
326,Rocha,UY,-34.4833,-54.3333,41.74,92,2,6.22,clear sky
327,Akdepe,TM,42.0551,59.3788,80.69,25,0,5.95,clear sky
328,Gizel,RU,43.04,44.5708,62.82,94,100,6.71,overcast clouds
329,Vila Velha,BR,-20.3297,-40.2925,69.94,93,0,3.44,clear sky
330,Pangody,RU,65.85,74.4859,63.09,51,14,13.18,few clouds
331,Havelock,US,34.8791,-76.9013,82.35,90,19,5.01,few clouds
332,Port Blair,IN,11.6667,92.75,79.97,85,100,14.09,moderate rain
333,Yarada,IN,17.65,83.2667,84.38,76,100,12.95,overcast clouds
334,Kloulklubed,PW,7.0419,134.2556,79.3,74,100,3.76,heavy intensity rain
335,Kaeo,NZ,-35.1,173.7833,61.68,74,48,10.71,scattered clouds
336,Touros,BR,-5.1989,-35.4608,72.91,87,2,13.47,clear sky
337,Mosquera,CO,4.7059,-74.2302,55.49,82,20,4.61,few clouds
338,Witu,KE,-2.3889,40.4382,73.56,78,84,11.72,broken clouds
339,Lahij,YE,13.1667,44.5833,83.48,54,100,3.27,overcast clouds
340,Tual,ID,-5.6667,132.75,79.77,81,35,19.48,scattered clouds
341,Igarka,RU,67.4667,86.5833,50.47,74,98,13.13,overcast clouds
342,Najran,SA,17.4924,44.1277,79.45,41,100,7.34,overcast clouds
343,Tahta,EG,26.7693,31.5021,84.63,25,0,7.38,clear sky
344,Saskylakh,RU,71.9167,114.0833,44.17,61,100,15.39,overcast clouds
345,Ijero,NG,6.4819,3.3803,76.86,74,26,10.85,scattered clouds
346,Omboue,GA,-1.5746,9.2618,72.1,90,100,5.84,overcast clouds
347,Pisco,PE,-13.7,-76.2167,60.03,89,77,1.39,broken clouds
348,Narsaq,GL,60.9167,-46.05,50.22,91,100,2.66,overcast clouds
349,Villamontes,BO,-21.25,-63.5,58.05,67,100,2.26,overcast clouds
350,Isangel,VU,-19.55,169.2667,81.18,72,80,10.83,broken clouds
351,Ruidoso,US,33.3317,-105.673,87.57,28,75,5.75,broken clouds
352,Aquin,HT,18.2833,-73.4,79.72,78,35,3.06,scattered clouds
353,Mount Vernon,US,40.9126,-73.8371,89.24,58,40,10.36,scattered clouds
354,Kulunda,RU,52.566,78.9385,67.86,56,60,5.5,broken clouds
355,Rawson,AR,-43.3002,-65.1023,52.41,62,94,14.85,overcast clouds
356,Bockenem,DE,52.0099,10.132,74.08,46,35,6.62,scattered clouds
357,Teguise,ES,29.0605,-13.564,70.02,78,0,25.32,clear sky
358,Empalme,MX,27.9667,-110.8167,94.35,62,99,10.33,overcast clouds
359,Pidhaytsi,UA,49.2685,25.1334,57.18,84,15,3.4,few clouds
360,Kushmurun,KZ,52.4503,64.6311,73.71,76,100,11.27,overcast clouds
361,Lerwick,GB,60.1545,-1.1494,53.6,95,100,8.61,overcast clouds
362,Kulhudhuffushi,MV,6.6221,73.07,79.81,82,100,18.05,overcast clouds
363,Luena,AO,-11.7833,19.9167,48.85,58,3,4.81,clear sky
364,Akureyri,IS,65.6835,-18.0878,51.73,87,100,6.91,overcast clouds
365,Mae Hong Son,TH,19.3003,97.9685,77.14,94,75,0.0,mist
366,Bokovskaya,RU,49.229,41.8306,58.66,62,6,0.69,clear sky
367,Derbent,RU,42.0678,48.2899,76.15,74,29,12.97,scattered clouds
368,Vardo,NO,70.3705,31.1107,53.58,100,100,6.91,drizzle
369,Abu Kamal,SY,34.4506,40.9171,88.97,17,0,10.4,clear sky
370,Puteyets,RU,65.1716,57.091,67.51,63,64,6.29,broken clouds
371,Bandipur,NP,27.9333,84.4167,70.41,93,99,1.3,overcast clouds
372,Hasilpur,PK,29.7122,72.5553,93.88,56,6,15.08,clear sky
373,Onega,RU,63.9061,38.1404,56.84,98,100,6.85,overcast clouds
374,Dingle,PH,10.9995,122.6711,85.19,74,14,3.71,few clouds
375,Lethbridge,CA,49.7,-112.8186,80.71,39,20,14.97,few clouds
376,Kultuk,RU,51.7208,103.6956,64.2,62,4,3.67,clear sky
377,North Bend,US,43.4065,-124.2243,74.25,92,100,11.5,mist
378,Nelson Bay,AU,-32.7167,152.15,60.01,89,69,8.01,broken clouds
379,Tautira,PF,-17.7333,-149.15,76.93,69,4,4.14,clear sky
380,Grindavik,IS,63.8424,-22.4338,53.55,93,0,9.22,clear sky
381,Blackfoot,US,43.1905,-112.345,91.06,15,22,13.56,few clouds
382,Ust-Ishim,RU,57.6935,71.1665,64.83,78,100,3.6,overcast clouds
383,Leningradskiy,RU,69.3833,178.4167,34.57,97,100,21.79,light snow
384,Qaanaaq,GL,77.484,-69.3632,40.93,75,95,2.04,overcast clouds
385,Bonfim,BR,3.0833,-59.95,76.6,84,100,4.61,overcast clouds
386,Tamandare,BR,-8.7597,-35.1047,73.6,83,8,8.28,clear sky
387,Eskilstuna,SE,59.3666,16.5077,58.73,92,28,5.1,scattered clouds
388,Tuatapere,NZ,-46.1333,167.6833,44.55,80,92,3.15,overcast clouds
389,Fernley,US,39.608,-119.2518,94.57,21,89,4.34,overcast clouds
390,Goias,BR,-15.5807,-49.6362,67.6,46,14,4.16,few clouds
391,Sarany,RU,58.5,58.8833,54.54,96,100,7.81,overcast clouds
392,Mayor Pablo Lagerenza,PY,-19.9309,-60.7718,69.03,64,67,3.85,broken clouds
393,Salta,AR,-24.7859,-65.4117,46.58,69,100,4.0,overcast clouds
394,Sibiti,CG,-3.6819,13.3499,63.61,92,5,2.06,clear sky
395,Christchurch,NZ,-43.5333,172.6333,47.91,94,100,10.36,overcast clouds
396,Luwuk,ID,-0.9516,122.7875,83.39,75,87,4.23,overcast clouds
397,Oda,JP,35.1833,132.5,80.94,65,55,11.03,broken clouds
398,Margate,GB,51.3813,1.3862,68.88,78,89,4.0,overcast clouds
399,Gamba,GA,-2.65,10.0,70.79,90,100,4.14,overcast clouds
400,Sao Francisco Do Sul,BR,-26.2433,-48.6381,66.04,88,75,5.75,broken clouds
401,Severo-Kurilsk,RU,50.6789,156.125,51.42,98,100,18.03,light rain
402,Goderich,CA,43.7501,-81.7165,72.91,88,99,1.14,overcast clouds
403,Saint-Louis,SN,16.3333,-15.0,83.73,63,59,17.87,light rain
404,Daura,NG,11.5538,11.4085,76.15,74,100,5.79,light rain
405,Florence,IT,43.7667,11.25,77.58,56,0,2.3,clear sky
406,Constitucion,CL,-35.3333,-72.4167,47.41,62,0,7.31,clear sky
407,Jianhu,CN,29.9799,120.5712,91.35,54,86,7.65,overcast clouds
408,Polunochnoye,RU,60.8697,60.4153,60.39,99,100,4.81,moderate rain
409,Libertador General San Martin,AR,-23.8064,-64.7876,52.77,67,100,2.64,overcast clouds
410,Korla,CN,41.7597,86.1469,77.59,30,54,20.36,broken clouds
411,High Level,CA,58.5169,-117.136,62.31,67,100,12.03,overcast clouds
412,Montepuez,MZ,-13.1256,38.9997,59.07,98,15,4.52,few clouds
413,Ginda,IN,30.6945,78.4932,71.55,84,70,1.19,broken clouds
414,Merauke,ID,-8.4667,140.3333,78.64,83,100,14.94,overcast clouds
415,Araouane,ML,18.9048,-3.5265,88.25,41,98,6.82,overcast clouds
416,Omsukchan,RU,62.5333,155.8,53.62,83,100,7.87,overcast clouds
417,Mega,ET,4.05,38.3,54.48,85,85,13.96,overcast clouds
418,Vanimo,PG,-2.6741,141.3028,81.93,77,92,1.34,overcast clouds
419,Kongoussi,BF,13.3258,-1.5347,75.33,84,91,14.99,overcast clouds
420,Sioux Lookout,CA,50.1001,-91.917,66.04,95,96,10.02,overcast clouds
421,Kaitangata,NZ,-46.2817,169.8464,44.8,78,100,5.97,overcast clouds
422,Mar Del Plata,AR,-38.0023,-57.5575,47.88,70,0,17.0,clear sky
423,Teahupoo,PF,-17.8333,-149.2667,76.96,67,2,4.38,clear sky
424,Fort Nelson,CA,58.8053,-122.7002,71.19,35,75,17.27,broken clouds
425,Batemans Bay,AU,-35.7167,150.1833,51.1,64,100,4.68,overcast clouds
426,Kapoeta,SS,4.7717,33.5903,75.47,65,99,4.16,overcast clouds
427,Jalu,LY,29.0331,21.5482,75.18,50,2,10.29,clear sky
428,Broken Hill,AU,-31.95,141.4333,49.6,61,65,12.91,broken clouds
429,La Ronge,CA,55.1001,-105.2842,74.17,39,51,9.22,broken clouds
430,Hamilton,US,39.1834,-84.5333,84.0,68,42,3.83,scattered clouds
431,Nabire,ID,-3.3667,135.4833,80.55,77,92,1.88,overcast clouds
432,Aginskoye,RU,51.1,114.53,75.11,58,98,5.48,overcast clouds
433,Tessalit,ML,20.1986,1.0114,88.41,38,89,7.16,overcast clouds
434,Viedma,AR,-40.8135,-62.9967,55.69,31,69,25.41,broken clouds
435,Diu,IN,20.7141,70.9822,80.15,86,82,14.67,broken clouds
436,Bambous Virieux,MU,-20.3428,57.7575,70.05,68,40,18.41,light rain
437,Nome,US,64.5011,-165.4064,46.47,66,75,12.66,broken clouds
438,Mattru,SL,7.6244,-11.8332,71.6,92,96,0.94,overcast clouds
439,Hammerfest,NO,70.6634,23.6821,50.47,92,100,1.72,overcast clouds
440,San Pedro,PH,14.35,121.0167,86.32,74,39,7.83,scattered clouds
441,Hokitika,NZ,-42.7167,170.9667,50.36,87,89,5.97,light rain
442,Pascagoula,US,30.3658,-88.5561,87.8,81,20,3.44,few clouds
443,Jawhar,SO,2.7809,45.5005,69.84,86,96,11.34,overcast clouds
444,Caluquembe,AO,-13.7833,14.6833,52.34,77,0,1.74,clear sky
445,Half Moon Bay,US,37.4636,-122.4286,78.87,78,100,23.02,mist
446,Qingquan,CN,30.4511,115.2559,84.96,82,96,3.89,moderate rain
447,Tambura,SS,5.6,27.4667,67.39,93,100,2.71,overcast clouds
448,Mahebourg,MU,-20.4081,57.7,70.09,68,40,18.41,scattered clouds
449,Bay-Khaak,RU,51.1667,94.5,61.65,45,80,5.3,broken clouds
450,Ayacucho,PE,-13.1583,-74.2239,52.0,69,13,3.27,few clouds
451,Chumphon,TH,10.3333,98.8333,77.97,85,100,5.97,light rain
452,Marzuq,YE,14.4,46.4667,76.96,56,100,7.2,overcast clouds
453,Buluang,PH,13.3068,123.3425,86.88,71,70,3.04,moderate rain
454,Yima,CN,34.7381,111.8839,73.98,66,4,11.34,clear sky
455,Nikolsk,RU,53.7189,46.0712,52.41,83,45,8.32,scattered clouds
456,Camapua,BR,-19.5314,-54.0439,72.57,30,54,7.02,broken clouds
457,Pataskala,US,39.9956,-82.6743,80.1,84,0,0.85,clear sky
458,College,US,64.8569,-147.8028,55.35,88,100,6.91,light rain
459,Thinadhoo,MV,0.5333,72.9333,81.21,69,86,0.22,overcast clouds
460,Wajir,KE,1.7471,40.0573,69.75,76,82,12.15,broken clouds
461,Fairbanks,US,64.8378,-147.7164,55.36,88,100,6.91,light rain
462,Anamur,TR,36.0751,32.8369,80.11,57,0,6.67,clear sky
463,Hasaki,JP,35.7333,140.8333,88.29,78,96,3.89,overcast clouds
464,Ilulissat,GL,69.2167,-51.1,50.02,71,75,3.44,broken clouds
465,Mingshui,CN,36.7167,117.5,73.49,81,100,5.59,overcast clouds
466,Flinders,AU,-34.5833,150.8552,56.17,88,77,8.01,light rain
467,San Cristobal,VE,7.7669,-72.225,71.78,98,100,4.03,overcast clouds
468,Juneau,US,58.3019,-134.4197,56.84,96,100,8.05,overcast clouds
469,Pocao De Pedras,BR,-4.6667,-44.85,73.58,65,59,1.92,broken clouds
470,Ola,RU,59.5833,151.2833,75.15,86,94,9.08,overcast clouds
471,Rath,IN,25.5833,79.5667,86.58,70,64,8.32,broken clouds
472,Port Lincoln,AU,-34.7333,135.8667,52.36,55,94,13.89,overcast clouds
473,Mayumba,GA,-3.432,10.6554,69.08,93,68,3.56,broken clouds
474,Cidreira,BR,-30.1811,-50.2056,57.65,90,8,5.46,clear sky
475,Tayshet,RU,55.9342,98.0044,62.8,69,100,10.65,overcast clouds
476,Nuuk,GL,64.1835,-51.7216,52.41,76,20,6.91,few clouds
477,Monreale,IT,38.0801,13.2885,79.25,32,0,2.17,clear sky
478,Port Moresby,PG,-9.4431,147.1797,80.2,79,100,4.72,overcast clouds
479,Whitehorse,CA,60.7161,-135.0538,65.17,43,75,13.8,broken clouds
480,Xining,CN,36.6167,101.7667,60.03,56,0,2.53,clear sky
481,Bathsheba,BB,13.2167,-59.5167,81.21,94,40,12.66,scattered clouds
482,Waldoboro,US,44.0954,-69.3756,78.44,67,0,5.97,clear sky
483,Shingu,JP,33.7333,135.9833,89.44,51,70,7.67,broken clouds
484,Basco,PH,20.4487,121.9702,86.11,78,3,15.46,clear sky
485,Dolores,AR,-36.3132,-57.6792,42.21,73,15,8.25,few clouds
486,Helong,CN,42.5397,128.9972,75.74,79,65,0.98,broken clouds
487,Tafresh,IR,34.692,50.013,70.45,21,0,7.52,clear sky
488,Broome,US,42.2506,-75.833,76.14,83,72,3.13,broken clouds
489,Coquimbo,CL,-29.9533,-71.3436,53.33,100,100,2.3,overcast clouds
490,Alice Town,BS,25.7167,-79.3,83.16,75,0,13.76,clear sky
491,Reconquista,AR,-29.15,-59.65,53.49,88,0,7.07,clear sky
492,Cayenne,GF,4.9333,-52.3333,76.08,1,0,0.0,clear sky
493,Manitouwadge,CA,49.1215,-85.8403,64.53,96,100,8.81,overcast clouds
494,Tosya,TR,41.0155,34.0401,52.41,80,0,2.68,clear sky
495,Tecoanapa,MX,16.5167,-98.75,82.33,83,41,6.78,scattered clouds
496,Wasilla,US,61.5814,-149.4394,51.94,94,100,3.44,moderate rain
497,Havre,FR,49.5833,0.3333,66.34,82,0,8.05,clear sky
498,Raton,US,36.9034,-104.4391,83.01,26,0,14.97,clear sky
499,Conde,BR,-7.2597,-34.9075,72.86,94,40,6.91,scattered clouds
500,Alta Floresta,BR,-9.8756,-56.0861,69.91,42,2,3.36,clear sky
501,Kiruna,SE,67.8557,20.2251,47.32,87,20,3.44,few clouds
502,Oriximina,BR,-1.7656,-55.8661,73.92,93,40,4.61,scattered clouds
503,Abu Dhabi,AE,24.4667,54.3667,96.82,52,0,9.22,clear sky
504,Seymchan,RU,62.8833,152.4333,57.78,77,100,6.64,overcast clouds
505,Sterling,US,39.0062,-77.4286,84.11,78,0,3.87,clear sky
506,Shimoda,JP,34.6667,138.95,84.29,74,76,5.77,broken clouds
507,Ocos,GT,14.5094,-92.1933,81.5,83,100,3.31,overcast clouds
508,Hun,LY,29.1268,15.9477,75.07,54,0,5.01,clear sky
509,Solwezi,ZM,-12.1688,26.3894,55.53,59,4,4.72,clear sky
510,Kudahuvadhoo,MV,2.6708,72.8944,79.47,77,100,11.43,overcast clouds
511,Quelimane,MZ,-17.8786,36.8883,66.25,94,0,3.42,clear sky
512,Preobrazheniye,RU,42.9019,133.9064,66.88,90,97,5.3,overcast clouds
513,Aswan,EG,24.0934,32.907,87.1,19,0,4.61,clear sky
514,Nadym,RU,65.5333,72.5167,61.7,57,100,9.55,overcast clouds
515,Rafraf,TN,37.1904,10.1837,78.75,65,0,11.88,clear sky
516,Pangnirtung,CA,66.1451,-65.7125,47.77,85,100,3.09,light rain
517,Alim,PH,9.5649,122.4876,83.61,72,59,2.62,broken clouds
518,Bredy,RU,52.4153,60.3411,63.79,73,98,8.21,overcast clouds
519,Iskateley,RU,67.6803,53.1512,64.11,66,8,15.68,clear sky
520,Mokhsogollokh,RU,61.4681,128.9203,77.27,59,99,3.27,overcast clouds
521,Vanavara,RU,60.34,102.2797,66.63,55,100,5.88,overcast clouds
522,Nosy Varika,MG,-20.5833,48.5333,67.28,83,70,6.93,moderate rain
523,Cockburn Town,TC,21.4612,-71.1419,82.13,78,0,20.6,clear sky
524,Moses Lake,US,47.1301,-119.2781,94.87,21,0,6.91,clear sky
525,Bilgram,IN,27.1833,80.0333,91.99,54,95,5.35,overcast clouds
526,Kasongo-Lunda,CD,-6.4667,16.8167,67.98,80,50,2.1,scattered clouds
527,Zapolyarnyy,RU,69.4154,30.8136,54.68,93,100,8.7,overcast clouds
528,Cukai,MY,4.25,103.4167,78.75,83,100,4.74,light rain
529,Carnot,CF,4.9409,15.8665,68.47,99,100,2.1,overcast clouds
530,Soyo,AO,-6.1349,12.3689,68.95,94,21,5.82,few clouds
531,Cap Malheureux,MU,-19.9842,57.6142,65.46,77,40,10.0,moderate rain
532,Chatellerault,FR,46.8,0.5333,66.92,86,98,5.37,light rain
533,Faya,SA,18.3851,42.4509,66.72,51,100,5.61,overcast clouds
534,Wilmington,US,34.2257,-77.9447,82.9,86,75,5.75,broken clouds
535,Inirida,CO,3.8653,-67.9239,71.78,97,100,0.18,overcast clouds
536,San Quintin,MX,30.4833,-115.95,70.7,77,60,9.66,broken clouds
537,Malartic,CA,48.1335,-78.1328,59.68,84,100,4.45,overcast clouds
538,Naze,JP,28.3667,129.4833,86.92,81,100,15.03,overcast clouds
539,Brae,GB,60.3964,-1.353,55.63,91,100,11.18,overcast clouds
540,Thunder Bay,CA,48.4001,-89.3168,53.83,99,100,7.78,overcast clouds
541,Codrington,AU,-38.2667,141.9667,51.15,56,0,3.09,clear sky
542,Akyab,MM,20.15,92.9,83.16,79,100,1.48,overcast clouds
543,Cervo,ES,43.6702,-7.4101,64.96,84,100,7.63,overcast clouds
544,Bondo,CD,3.8146,23.6866,65.1,99,100,0.72,overcast clouds
545,Pravokumskoye,RU,44.7694,44.6472,66.29,78,100,2.98,overcast clouds
546,Costinesti,RO,43.95,28.6333,65.64,63,3,8.03,clear sky
547,Chicla,PE,-11.705,-76.2686,40.71,50,100,7.83,overcast clouds
548,Kuzovatovo,RU,53.5468,47.6866,52.63,82,6,7.29,clear sky
549,Antalaha,MG,-14.9003,50.2788,67.05,86,23,10.07,light rain
550,Ballina,AU,-28.8667,153.5667,59.02,92,95,14.56,overcast clouds
551,Taylor,US,32.3001,-99.8337,103.46,21,0,13.8,clear sky
552,Suicheng,CN,33.8963,117.9331,76.1,99,100,5.95,moderate rain
553,Ancud,CL,-41.8697,-73.8203,51.22,95,100,19.84,light rain
554,Coxim,BR,-18.5067,-54.76,72.93,30,68,4.21,broken clouds
555,Sambava,MG,-14.2667,50.1667,68.79,83,17,14.09,light rain
556,San Policarpo,PH,12.1791,125.5072,85.23,77,5,8.52,clear sky
557,Rincon,US,32.296,-81.2354,73.36,94,75,3.44,broken clouds
558,Nanortalik,GL,60.1432,-45.2371,46.67,96,100,9.8,overcast clouds
559,Karratha,AU,-20.7377,116.8463,75.15,29,0,16.35,clear sky
560,Porbandar,IN,21.6422,69.6093,81.21,85,94,15.68,overcast clouds
561,Biak,ID,-0.9131,122.8766,81.09,73,87,3.8,overcast clouds
562,Lillooet,CA,50.6856,-121.942,84.4,32,2,3.96,clear sky
563,Asau,RO,46.4333,26.4,65.32,82,80,3.27,broken clouds
564,Begunitsy,RU,59.5855,29.3176,50.9,93,13,9.04,few clouds
565,Pudozh,RU,61.8099,36.5345,54.25,97,100,11.65,moderate rain
566,Keighley,GB,53.8679,-1.9066,76.32,65,74,1.99,broken clouds
567,Rosetta,EG,31.4044,30.4164,78.55,78,0,9.84,clear sky
568,Lucea,JM,18.451,-78.1736,84.06,80,13,5.99,few clouds
569,Pimentel,PE,-6.8367,-79.9342,62.31,86,70,11.34,broken clouds
570,Cacequi,BR,-29.8836,-54.825,51.28,93,0,9.86,clear sky
571,Lima,PE,-12.0432,-77.0282,57.45,82,100,10.36,overcast clouds
572,Jizan,SA,17.3333,42.6667,83.34,38,100,2.42,overcast clouds
573,Saldanha,ZA,-33.0117,17.9442,54.14,74,0,14.29,clear sky
574,Plouzane,FR,48.3833,-4.6167,62.65,94,75,5.75,broken clouds
575,Alindao,CF,5.0267,21.2088,68.54,99,100,1.77,overcast clouds
576,Brezovo,BG,42.35,25.0833,59.4,60,0,4.79,clear sky
577,Lida,BY,53.8833,25.2997,56.75,96,100,7.18,overcast clouds
578,Waw,SS,7.7029,27.9953,68.61,97,100,3.71,overcast clouds
579,Berlevag,NO,70.8578,29.0864,54.91,84,100,4.9,light rain
580,Tolbazy,RU,54.0241,55.8825,58.03,90,0,6.38,clear sky
581,Namibe,AO,-15.1961,12.1522,61.3,87,0,6.82,clear sky
582,Lago Da Pedra,BR,-4.3333,-45.1667,73.54,68,44,2.48,scattered clouds
583,Douglas,US,41.3,-96.167,87.1,49,0,0.0,clear sky
584,Bara,NG,10.3744,10.7288,70.74,95,51,5.19,moderate rain
585,Cassilandia,BR,-19.1133,-51.7342,68.13,37,39,2.71,scattered clouds
586,Tilichiki,RU,60.4667,166.1,57.61,80,100,6.89,overcast clouds
587,Sandnessjoen,NO,66.0217,12.6316,55.65,74,100,5.01,overcast clouds
588,Lhokseumawe,ID,5.1801,97.1507,82.2,69,35,4.94,scattered clouds
589,Labuhan,ID,-6.8844,112.2051,82.45,71,36,10.92,scattered clouds
590,Tarko-Sale,RU,64.9225,77.785,60.35,55,3,15.9,clear sky
591,Melbu,NO,68.5044,14.8297,44.42,93,68,4.61,broken clouds
592,Marathon,US,44.9,-89.7668,81.93,72,100,13.8,overcast clouds
593,Siparia,TT,10.1333,-61.5,78.78,94,27,8.88,scattered clouds
594,Samarai,PG,-10.6167,150.6667,82.22,73,48,6.67,scattered clouds
595,Lompoc,US,34.6391,-120.4579,88.79,78,0,17.27,clear sky
596,Kaihua,CN,23.3687,104.28,72.54,87,100,7.49,overcast clouds
597,Marang,MY,5.2056,103.2059,82.31,78,96,5.75,overcast clouds
598,Anloga,GH,5.7947,0.8973,74.91,75,99,12.12,overcast clouds
599,Esperance,AU,-33.8667,121.9,57.9,74,96,13.58,overcast clouds
600,Marsh Harbour,BS,26.5412,-77.0636,81.77,78,2,10.16,clear sky
601,Sao Sepe,BR,-30.1606,-53.5653,49.66,95,7,7.72,clear sky
602,Huarmey,PE,-10.0681,-78.1522,62.17,86,23,9.69,few clouds
603,San Juan,AR,-31.5375,-68.5364,49.98,38,0,1.05,clear sky
604,Olongapo,PH,14.8292,120.2828,86.05,70,75,10.36,broken clouds
605,Vitim,RU,59.4511,112.5578,76.87,52,9,1.1,clear sky
606,Khed Brahma,IN,24.0333,73.05,79.36,90,100,7.58,overcast clouds
607,Virginia Beach,US,36.8529,-75.978,83.01,77,75,5.75,broken clouds
608,Konevo,RU,62.1215,39.3192,55.72,99,100,8.32,light rain
609,Puri,IN,19.8,85.85,79.32,76,100,11.83,heavy intensity rain
610,Viljoenskroon,ZA,-27.2084,26.9485,55.22,45,100,3.83,overcast clouds
611,Garowe,SO,8.4054,48.4845,72.61,60,91,26.31,overcast clouds
612,Udachnyy,RU,66.4167,112.4,48.45,87,100,13.02,overcast clouds
613,Aromashevo,RU,56.8602,68.6375,61.57,95,100,6.29,light rain
614,Picos,BR,-7.0769,-41.4669,70.29,54,9,2.68,clear sky
615,Manzhouli,CN,49.6,117.4333,79.83,37,8,7.36,clear sky
616,Buckeye,US,33.3703,-112.5838,110.97,21,49,8.05,scattered clouds
617,Mehamn,NO,71.0357,27.8492,51.75,100,100,2.3,overcast clouds
618,Shangrao,CN,28.4532,117.9686,91.24,65,61,2.06,broken clouds
619,Sanary-Sur-Mer,FR,43.1178,5.8001,79.88,71,0,0.49,clear sky
620,San Pablo,PH,14.0669,121.3258,83.89,68,85,4.65,overcast clouds
621,Jamame,SO,0.0722,42.7506,74.12,70,100,11.74,overcast clouds
622,Tartus,SY,34.889,35.8866,78.6,70,0,4.12,clear sky
623,Tezu,IN,27.9167,96.1667,77.45,98,100,0.22,overcast clouds
624,Tarancon,ES,40.0085,-3.0073,69.01,25,0,2.24,clear sky
625,Miraflores,MX,19.2167,-98.8083,66.87,76,19,3.76,few clouds
626,Krasnoselkup,RU,65.7,82.4667,58.46,57,87,10.76,overcast clouds
627,Coahuayana,MX,18.7333,-103.6833,80.28,85,51,2.95,broken clouds
628,Melfi,IT,40.9965,15.6514,64.94,46,0,2.57,clear sky
629,Kattivakkam,IN,13.2167,80.3167,82.49,86,48,14.18,moderate rain
630,Jijiga,ET,9.35,42.8,59.36,86,100,13.82,light rain
631,Orlik,RU,52.5178,99.825,54.93,64,3,2.33,clear sky
632,Togur,RU,58.3631,82.8265,59.45,88,92,5.35,overcast clouds
633,Santa Vitoria Do Palmar,BR,-33.5189,-53.3681,45.5,89,0,5.64,clear sky
634,Hofn,IS,64.2539,-15.2082,50.04,79,100,8.34,overcast clouds
635,Bella Union,UY,-30.2752,-57.6007,50.65,92,0,7.31,clear sky
636,Coos Bay,US,43.3665,-124.2179,74.32,91,100,11.5,mist
637,Loreto,MX,22.2667,-101.9667,75.07,34,49,4.34,scattered clouds
638,Aanekoski,FI,62.6946,25.818,49.68,100,10,7.54,clear sky
639,Araceli,PH,10.5529,119.9913,82.6,70,20,4.07,few clouds
640,Mataram,ID,-8.5833,116.1167,79.61,65,9,5.01,clear sky
641,Candido De Abreu,BR,-24.5669,-51.3333,62.49,98,3,2.91,clear sky
642,Los Llanos De Aridane,ES,28.6585,-17.9182,67.75,78,0,14.97,clear sky
643,Catuday,PH,16.2923,119.8062,84.4,68,13,9.51,moderate rain
644,Sucua,EC,-2.4667,-78.1667,66.18,93,94,2.44,light rain
645,Xai-Xai,MZ,-25.0519,33.6442,65.3,89,20,8.1,few clouds
646,Huilong,CN,31.8111,121.655,88.93,82,100,6.42,overcast clouds
647,Suzhou,CN,31.3114,120.6181,91.17,62,71,9.4,broken clouds
648,Villa Rica,US,33.7321,-84.9191,76.23,95,9,4.63,clear sky
649,Narasannapeta,IN,18.4167,84.05,83.68,79,100,7.34,overcast clouds
650,Canico,PT,32.6333,-16.85,69.71,87,36,15.41,scattered clouds
651,Mugur-Aksy,RU,50.35,90.5,48.81,59,40,3.11,scattered clouds
652,Cabra,ES,37.4725,-4.4421,74.66,43,0,1.79,clear sky
653,Hit,IQ,33.6416,42.8251,92.48,11,0,10.09,clear sky
654,Olinda,BR,-8.0089,-34.8553,74.93,78,75,8.05,broken clouds
655,Cairns,AU,-16.9167,145.7667,81.1,67,40,12.66,scattered clouds
656,Kandrian,PG,-6.2167,149.55,83.52,71,84,6.22,light rain
657,Severnoye,RU,56.3491,78.3619,59.14,87,100,6.33,light rain
658,Yashkul,RU,46.1711,45.3435,66.97,75,100,5.3,overcast clouds
659,Sao Mateus,BR,-18.7161,-39.8589,66.54,92,6,2.51,clear sky
660,Pasni,PK,25.2631,63.471,83.32,87,100,8.68,overcast clouds
661,Olafsvik,IS,64.8945,-23.7142,51.08,80,95,11.16,overcast clouds
662,Srinivaspur,IN,13.3333,78.2167,73.49,76,95,7.4,overcast clouds
663,Siilinjarvi,FI,63.0833,27.6667,53.62,87,0,12.66,clear sky
664,Veinticinco De Mayo,AR,-35.4323,-60.1727,48.97,62,7,1.99,clear sky
665,Vilhena,BR,-12.7406,-60.1458,68.5,43,1,3.02,clear sky
666,Mana,GF,5.6592,-53.7767,77.22,85,97,8.99,overcast clouds
667,Tigzirt,DZ,36.8886,4.1198,76.33,70,0,5.57,clear sky
668,Ramshir,IR,30.8946,49.4092,91.15,62,0,8.21,clear sky
669,Dzilam Gonzalez,MX,21.2833,-88.9333,81.66,73,93,9.31,overcast clouds
670,Atambua,ID,-9.1061,124.8925,78.84,52,86,0.96,overcast clouds
671,Carahue,CL,-38.7,-73.1667,46.35,95,46,3.06,scattered clouds
672,Matay,EG,28.419,30.7792,80.91,44,0,10.87,clear sky
673,Solnechnyy,RU,50.7214,136.6319,57.76,96,100,4.03,overcast clouds
674,Sestri Levante,IT,44.2732,9.3968,83.55,57,0,6.15,clear sky
675,Namatanai,PG,-3.6667,152.4333,83.64,68,100,5.1,overcast clouds
676,Muriae,BR,-21.1306,-42.3664,65.37,78,49,2.73,scattered clouds
677,Mamlyutka,KZ,54.9375,68.5394,61.48,98,100,12.28,moderate rain
678,Bagan,RU,54.1001,77.6646,67.59,60,80,6.11,broken clouds
679,Kousseri,CM,12.0769,15.0306,74.46,84,100,4.76,moderate rain
680,Havoysund,NO,70.9963,24.6622,52.03,91,100,1.28,overcast clouds
681,San Joaquin,US,37.9333,-121.3011,98.85,19,0,14.97,clear sky
682,Bubaque,GW,11.2833,-15.8333,78.57,83,100,16.28,light rain
683,Council Bluffs,US,41.2619,-95.8608,86.31,49,20,5.75,few clouds
684,Liwale,TZ,-9.7667,37.9333,59.47,96,8,3.87,clear sky
685,Yokadouma,CM,3.5167,15.05,67.08,99,100,1.83,overcast clouds
